{"test_loss": 0.00051807303680107, "mse": 290.4687621929696, "rmse": 17.043144140473895, "mae": 12.608192966738326}