{"test_loss": 0.019483374431729317, "rmse": 18.88988205139915, "mae": 7.532104352285877, "train_loss": 9.560652358686639e-08, "val_loss": 2.423202886348008e-06}